period,block_setting,mean_block_days,delta_pct,shift_per_day,baseline_dce_pct,calibration_se_pct,n_eval_days,n_paths,n_spot,rej_nw,rej_boot,mean_est_dce_pct,sd_est_dce_pct
full,pw,8.106887133485747,0.25,5.2878353345002645e-06,0.11271207866785371,0.13871341129914927,25853,500,50,0.062,0.08,0.15878622386097327,1.3150389414492945
full,pw,8.106887133485747,0.5,1.4898941174523002e-05,0.11271207866785371,0.1387112740253983,25853,500,50,0.062,0.02,0.4840639870565688,1.3143869076136951
full,pw,8.106887133485747,1.0,3.405186488177868e-05,0.11271207866785371,0.13870754209375685,25853,500,50,0.076,0.1,0.9501016304612601,1.2894919031181915
full,pw,8.106887133485747,1.5,5.311314266980778e-05,0.11271207866785371,0.13870452228020802,25853,500,50,0.142,0.14,1.440868021742462,1.2703717845755846
full,pw,8.106887133485747,2.0,7.20836491436206e-05,0.11271207866785371,0.13870220118375115,25853,500,50,0.264,0.28,1.939700942001116,1.3017868200441631
full,252,252.0,0.25,-2.4663951219175405e-05,0.8884053288401361,0.18756999357546775,25853,500,50,0.074,0.04,0.4000548955165974,1.8137057611228915
full,252,252.0,0.5,-1.4987329845599514e-05,0.8884053288401361,0.18756535878858252,25853,500,50,0.068,0.04,0.5135241891750914,1.834386205186297
full,252,252.0,1.0,4.295676939497106e-06,0.8884053288401361,0.1875565990455168,25853,500,50,0.072,0.0,1.0829045297198807,1.8668193707185041
full,252,252.0,1.5,2.3485789027360917e-05,0.8884053288401361,0.18754850857346367,25853,500,50,0.092,0.08,1.5445742569428005,1.7732249299415808
full,252,252.0,2.0,4.25838989294153e-05,0.8884053288401361,0.18754107499499795,25853,500,50,0.178,0.08,2.131477815075595,1.9001172595941007
full,1260,1260.0,0.25,-2.772110223265149e-05,0.9669906728565714,0.19720259452767677,25853,500,50,0.036,0.08,0.2647213239150625,1.5487258652106954
full,1260,1260.0,0.5,-1.803339904110728e-05,0.9669906728565714,0.19719233596100455,25853,500,50,0.028,0.02,0.4160651334868982,1.6063939752138714
full,1260,1260.0,1.0,1.2716103509801883e-06,0.9669906728565714,0.19717239907291598,25853,500,50,0.026,0.02,1.0004868092108015,1.6416343551508699
full,1260,1260.0,1.5,2.0483512928903612e-05,0.9669906728565714,0.19715322439150507,25853,500,50,0.032,0.0,1.3619630827042246,1.506665110472411
full,1260,1260.0,2.0,3.960320425784216e-05,0.9669906728565714,0.19713479841503723,25853,500,50,0.086,0.04,1.98583741914078,1.5079134672923677
pre1993,pw,26.90688310274644,0.25,-2.549969422928164e-05,0.9076420187478895,0.1908343559371704,17546,500,50,0.068,0.04,0.28543933144690176,1.9224097854320048
pre1993,pw,26.90688310274644,0.5,-1.57868443535738e-05,0.9076420187478895,0.1908383164607644,17546,500,50,0.054,0.02,0.7150426270963212,1.8901363386318304
pre1993,pw,26.90688310274644,1.0,3.5680913518691433e-06,0.9076420187478895,0.190846841580635,17546,500,50,0.068,0.04,1.1675104204070117,1.8907223974634029
pre1993,pw,26.90688310274644,1.5,2.282943675234712e-05,0.9076420187478895,0.19085615863601565,17546,500,50,0.072,0.06,1.5303237053783,1.766182283287295
pre1993,pw,26.90688310274644,2.0,4.1998094392752695e-05,0.9076420187478895,0.1908662517323581,17546,500,50,0.194,0.12,2.2750084167357483,1.878954546973229
pre1993,252,252.0,0.25,-5.9909356761624364e-05,1.7902707919351002,0.24145253476797723,17546,500,50,0.098,0.04,0.47853017175299767,2.274573836693686
pre1993,252,252.0,0.5,-5.012405702816367e-05,1.7902707919351002,0.24145518204490016,17546,500,50,0.078,0.14,0.48700564075517117,2.2902317353973816
pre1993,252,252.0,1.0,-3.06252816157611e-05,1.7902707919351002,0.24146105391889255,17546,500,50,0.056,0.04,1.0286645178190412,2.323824354750753
pre1993,252,252.0,1.5,-1.122149269781457e-05,1.7902707919351002,0.24146768269545552,17546,500,50,0.094,0.04,1.6353718392450576,2.288403584919651
pre1993,252,252.0,2.0,8.088232495243882e-06,1.7902707919351002,0.24147505323365215,17546,500,50,0.11,0.16,2.235896068147862,2.272877477804411
pre1993,1260,1260.0,0.25,-7.498160895412507e-05,2.1791122806341656,0.25778984889737133,17546,500,50,0.05,0.02,0.19097112274983657,1.8955323495871708
pre1993,1260,1260.0,0.5,-6.518451821238188e-05,2.1791122806341656,0.25780223348496734,17546,500,50,0.042,0.06,0.29761205489787435,1.8676679431106644
pre1993,1260,1260.0,1.0,-4.566233337942284e-05,2.1791122806341656,0.2578274946384792,17546,500,50,0.036,0.02,0.7456333167181027,1.9318178020806551
pre1993,1260,1260.0,1.5,-2.623536236717929e-05,2.1791122806341656,0.25785339972579363,17546,500,50,0.016,0.0,1.3744530824388725,1.8976861884714973
pre1993,1260,1260.0,2.0,-6.902679101209948e-06,2.1791122806341656,0.2578799345820922,17546,500,50,0.028,0.02,1.7539722448381936,1.8897303754319947
post1992,pw,3.5929950664652477,0.25,4.00718021389452e-05,-0.8014651515166671,0.19611844333888764,8307,500,50,0.056,0.08,0.322239501089198,2.004002132504822
post1992,pw,3.5929950664652477,0.5,4.9540394093444635e-05,-0.8014651515166671,0.19611001769512051,8307,500,50,0.05,0.04,0.565493138977149,1.8870192710558866
post1992,pw,3.5929950664652477,1.0,6.841033168068105e-05,-0.8014651515166671,0.19609413956669058,8307,500,50,0.052,0.02,1.0758905399816503,1.9459619107117547
post1992,pw,3.5929950664652477,1.5,8.71913132379209e-05,-0.8014651515166671,0.19607953943427556,8307,500,50,0.078,0.1,1.635336356503402,1.9763867737161906
post1992,pw,3.5929950664652477,2.0,0.0001058841751865404,-0.8014651515166671,0.19606619424055516,8307,500,50,0.122,0.1,2.2066048030211936,1.958855389802198
post1992,252,252.0,0.25,3.7455580502499836e-05,-0.7260747253739597,0.33131704990551886,8307,500,50,0.088,0.02,0.1813219189508268,3.0045700315402186
post1992,252,252.0,0.5,4.699261615225894e-05,-0.7260747253739597,0.33126356220156455,8307,500,50,0.094,0.14,0.2706780437470881,3.089928251773218
post1992,252,252.0,1.0,6.599846440596805e-05,-0.7260747253739597,0.3311578023618129,8307,500,50,0.058,0.02,0.748152394317336,3.1156766992225275
post1992,252,252.0,1.5,8.491406974416634e-05,-0.7260747253739597,0.33105364275921073,8307,500,50,0.038,0.0,1.258096476817609,3.0876539481755763
post1992,252,252.0,2.0,0.00010374028677919618,-0.7260747253739597,0.33095105917000955,8307,500,50,0.028,0.02,1.6610809428355784,3.0380264963624803
post1992,1260,1260.0,0.25,4.5097801896573095e-05,-0.9172824788452161,0.3476744959585485,8307,500,50,0.062,0.12,-0.17673241302547046,2.886947621464857
post1992,1260,1260.0,0.5,5.469048908012216e-05,-0.9172824788452161,0.34759135748101316,8307,500,50,0.06,0.06,0.025964895875763807,2.783833874930064
post1992,1260,1260.0,1.0,7.38068396317715e-05,-0.9172824788452161,0.34742658713350694,8307,500,50,0.022,0.0,0.47709703347790866,2.7169357796858624
post1992,1260,1260.0,1.5,9.283189230100273e-05,-0.9172824788452161,0.3472638016667991,8307,500,50,0.01,0.02,0.8251040074681912,2.650500876609538
post1992,1260,1260.0,2.0,0.00011176651671839962,-0.9172824788452161,0.3471029728196406,8307,500,50,0.002,0.0,1.8480933380588038,2.712339546816612
